{"cameraMode":{"drawMode":0,"name":"Shaded","section":"Shading Mode"},"sceneLighting":true,"audioPlay":false,"sceneViewState":{"m_AlwaysRefresh":false,"showFog":true,"showSkybox":true,"showFlares":true,"showImageEffects":true,"showParticleSystems":true,"showVisualEffectGraphs":true,"m_FxEnabled":true},"in2DMode":false,"pivot":{"x":66.01985931396485,"y":-10.70433521270752,"z":-84.22386932373047},"rotation":{"x":0.0023992944043129684,"y":-0.9895161986351013,"z":0.14409543573856355,"w":0.015106490813195706},"size":179.50794982910157,"orthographic":false}