{"cameraMode":{"drawMode":0,"name":"Shaded","section":"Shading Mode"},"sceneLighting":false,"audioPlay":false,"sceneViewState":{"m_AlwaysRefresh":false,"showFog":true,"showSkybox":false,"showFlares":true,"showImageEffects":true,"showParticleSystems":true,"showVisualEffectGraphs":true,"m_FxEnabled":true},"in2DMode":false,"pivot":{"x":-0.08079266548156738,"y":4.126176357269287,"z":-0.44625234603881838},"rotation":{"x":0.007885589264333249,"y":-0.9455731511116028,"z":0.32451972365379336,"w":0.0229804664850235},"size":5.288684844970703,"orthographic":false}